sale_id,customer_id,product_id,sale_date,quantity,total_amount
S0001,C089,P059,7/19/2024,2,1195.96
S0002,C044,P057,2/23/2024,5,2673.4
S0003,C082,P081,6/6/2024,2,1037.12
S0004,C058,P073,9/4/2024,4,2954.04
S0005,C088,P083,12/13/2024,1,874.38
S0006,C018,P067,9/21/2024,4,2482.68
S0007,C031,P003,12/3/2024,3,211.56
S0008,C080,P087,4/27/2024,1,855.94
S0009,C011,P036,10/16/2024,3,597.6
S0010,C055,P062,2/14/2024,5,4252.55
S0011,C035,P096,3/20/2024,3,839.37
S0012,C030,P005,5/19/2024,2,1303.92
S0013,C096,P065,5/21/2024,1,691.95
S0014,C072,P074,2/16/2024,3,2692.56
S0015,C051,P077,10/20/2024,5,1465.9
S0016,C045,P076,1/28/2024,2,1103.06
S0017,C059,P062,9/10/2024,2,1701.02
S0018,C033,P028,12/9/2024,1,644.82
S0019,C013,P061,12/8/2024,4,2448.8
S0020,C001,P071,8/30/2024,1,953.95
S0021,C056,P077,6/8/2024,3,879.54
S0022,C096,P037,4/15/2024,2,1975.74
S0023,C089,P047,11/22/2024,5,973.55
S0024,C018,P037,8/7/2024,2,1975.74
S0025,C098,P100,12/13/2024,1,864.86
S0026,C077,P014,2/28/2024,1,671.84
S0027,C039,P018,7/21/2024,5,1346.8
S0028,C005,P069,2/21/2024,2,1993.96
S0029,C030,P064,1/27/2024,1,713.94
S0030,C026,P038,4/10/2024,3,296.82
S0031,C046,P004,11/22/2024,4,1349.32
S0032,C066,P075,8/15/2024,2,1976.6
S0033,C071,P032,7/17/2024,4,1289.64
S0034,C048,P022,2/26/2024,3,2157.36
S0035,C095,P027,9/25/2024,5,2706.8
S0036,C037,P064,7/20/2024,3,2141.82
S0037,C048,P075,11/9/2024,5,4941.5
S0038,C073,P066,3/22/2024,1,491.73
S0039,C051,P100,7/9/2024,3,2594.58
S0040,C077,P027,4/17/2024,1,541.36
S0041,C069,P048,11/12/2024,4,3991.44
S0042,C005,P092,9/8/2024,4,3710.04
S0043,C035,P059,12/26/2024,1,597.98
S0044,C072,P086,11/19/2024,4,2761.92
S0045,C010,P030,12/15/2024,4,488.68
S0046,C061,P049,7/26/2024,3,1124.61
S0047,C018,P017,3/18/2024,5,739.45
S0048,C073,P057,8/12/2024,2,1069.36
S0049,C031,P066,8/31/2024,2,983.46
S0050,C076,P006,3/28/2024,4,957.04
S0051,C048,P026,8/31/2024,3,1722.87
S0052,C079,P082,5/16/2024,2,486.08
S0053,C081,P075,1/22/2024,2,1976.6
S0054,C063,P053,12/15/2024,3,1596.93
S0055,C072,P008,8/12/2024,3,2176.92
S0056,C087,P017,10/6/2024,5,739.45
S0057,C006,P078,1/30/2024,2,1868.78
S0058,C090,P085,7/17/2024,2,349.28
S0059,C050,P085,8/18/2024,2,349.28
S0060,C010,P087,11/16/2024,3,2567.82
S0061,C028,P043,10/9/2024,5,2830.95
S0062,C039,P038,11/25/2024,5,494.7
S0063,C071,P045,10/2/2024,1,119.56
S0064,C019,P036,10/6/2024,1,199.2
S0065,C066,P084,6/7/2024,4,1227.56
S0066,C044,P058,3/1/2024,4,636.88
S0067,C089,P007,1/5/2024,2,1889.44
S0068,C083,P024,12/16/2024,5,3788.1
S0069,C003,P021,7/21/2024,3,418.92
S0070,C091,P002,2/13/2024,1,776.32
S0071,C006,P097,1/29/2024,2,1880.64
S0072,C069,P033,5/2/2024,2,582.56
S0073,C077,P052,8/8/2024,3,1447.65
S0074,C016,P078,7/19/2024,5,4671.95
S0075,C045,P078,12/20/2024,4,3737.56
S0076,C098,P083,2/8/2024,1,874.38
S0077,C035,P092,10/22/2024,4,3710.04
S0078,C091,P095,8/14/2024,4,1562.72
S0079,C061,P072,2/25/2024,1,217.92
S0080,C058,P065,2/27/2024,4,2767.8
S0081,C081,P042,10/26/2024,5,1284.85
S0082,C028,P086,10/3/2024,1,690.48
S0083,C062,P066,12/21/2024,1,491.73
S0084,C058,P035,7/3/2024,1,607.37
S0085,C093,P065,7/2/2024,3,2075.85
S0086,C022,P094,8/7/2024,3,1207.5
S0087,C014,P047,12/29/2024,1,194.71
S0088,C100,P094,4/14/2024,5,2012.5
S0089,C040,P032,7/3/2024,5,1612.05
S0090,C051,P055,7/10/2024,3,2790.69
S0091,C008,P038,12/10/2024,3,296.82
S0092,C063,P012,1/22/2024,5,3599.65
S0093,C050,P047,1/2/2024,1,194.71
S0094,C063,P082,6/22/2024,2,486.08
S0095,C097,P100,8/9/2024,1,864.86
S0096,C021,P078,1/2/2024,4,3737.56
S0097,C001,P018,8/11/2024,3,808.08
S0098,C047,P021,3/19/2024,1,139.64
S0099,C044,P075,4/12/2024,4,3953.2
S0100,C092,P063,2/27/2024,3,398.73
S0101,C074,P087,8/8/2024,1,855.94
S0102,C060,P072,12/19/2024,5,1089.6
S0103,C065,P057,12/12/2024,4,2138.72
S0104,C082,P016,4/14/2024,5,1190.95
S0105,C011,P012,9/15/2024,2,1439.86
S0106,C082,P015,10/23/2024,5,2447.9
S0107,C087,P048,6/11/2024,3,2993.58
S0108,C086,P023,3/31/2024,4,3654.88
S0109,C053,P043,3/14/2024,3,1698.57
S0110,C079,P010,10/4/2024,5,2009
S0111,C032,P053,9/5/2024,4,2129.24
S0112,C035,P047,3/27/2024,4,778.84
S0113,C093,P008,2/19/2024,5,3628.2
S0114,C077,P059,5/4/2024,3,1793.94
S0115,C070,P022,1/21/2024,1,719.12
S0116,C009,P053,3/2/2024,5,2661.55
S0117,C039,P063,6/22/2024,4,531.64
S0118,C060,P064,8/19/2024,5,3569.7
S0119,C074,P035,5/5/2024,1,607.37
S0120,C085,P083,10/29/2024,1,874.38
S0121,C040,P015,8/1/2024,1,489.58
S0122,C097,P055,12/31/2024,3,2790.69
S0123,C072,P019,2/1/2024,2,1884.86
S0124,C037,P054,4/24/2024,5,3482.05
S0125,C072,P037,5/28/2024,3,2963.61
S0126,C047,P052,8/27/2024,4,1930.2
S0127,C082,P026,3/4/2024,2,1148.58
S0128,C054,P028,7/6/2024,4,2579.28
S0129,C094,P073,7/10/2024,4,2954.04
S0130,C016,P085,8/26/2024,4,698.56
S0131,C063,P002,9/24/2024,4,3105.28
S0132,C097,P050,7/22/2024,5,2550.95
S0133,C002,P005,3/8/2024,5,3259.8
S0134,C014,P026,12/2/2024,1,574.29
S0135,C023,P074,10/7/2024,5,4487.6
S0136,C008,P065,6/16/2024,5,3459.75
S0137,C033,P030,5/29/2024,5,610.85
S0138,C024,P042,7/26/2024,2,513.94
S0139,C070,P041,6/3/2024,3,2757.18
S0140,C035,P010,6/18/2024,3,1205.4
S0141,C048,P054,4/18/2024,3,2089.23
S0142,C076,P051,6/4/2024,2,1385.02
S0143,C039,P070,2/23/2024,4,1622.56
S0144,C024,P041,12/4/2024,1,919.06
S0145,C059,P065,5/3/2024,4,2767.8
S0146,C076,P100,1/28/2024,2,1729.72
S0147,C006,P018,4/29/2024,1,269.36
S0148,C077,P056,10/29/2024,2,1205.88
S0149,C068,P066,10/14/2024,1,491.73
S0150,C004,P060,5/18/2024,3,2143.59
S0151,C078,P004,10/7/2024,3,1011.99
S0152,C083,P099,2/8/2024,2,456.6
S0153,C056,P063,10/9/2024,2,265.82
S0154,C059,P062,2/15/2024,5,4252.55
S0155,C071,P078,1/15/2024,2,1868.78
S0156,C048,P082,7/19/2024,2,486.08
S0157,C022,P010,12/20/2024,2,803.6
S0158,C084,P004,7/17/2024,5,1686.65
S0159,C013,P046,3/20/2024,2,741.8
S0160,C080,P027,6/20/2024,5,2706.8
S0161,C061,P043,4/18/2024,2,1132.38
S0162,C038,P012,12/12/2024,5,3599.65
S0163,C060,P024,8/24/2024,2,1515.24
S0164,C072,P076,11/23/2024,1,551.53
S0165,C022,P082,5/13/2024,5,1215.2
S0166,C063,P066,3/16/2024,5,2458.65
S0167,C033,P044,5/17/2024,2,1382.52
S0168,C035,P089,3/4/2024,4,2343.44
S0169,C061,P064,12/18/2024,3,2141.82
S0170,C019,P064,8/21/2024,4,2855.76
S0171,C072,P008,9/21/2024,1,725.64
S0172,C082,P063,12/29/2024,2,265.82
S0173,C068,P045,12/18/2024,5,597.8
S0174,C007,P096,12/2/2024,4,1119.16
S0175,C072,P006,10/6/2024,3,717.78
S0176,C020,P059,6/3/2024,1,597.98
S0177,C051,P024,11/20/2024,4,3030.48
S0178,C015,P027,6/23/2024,5,2706.8
S0179,C036,P095,10/23/2024,5,1953.4
S0180,C032,P092,8/5/2024,1,927.51
S0181,C095,P014,10/9/2024,3,2015.52
S0182,C022,P022,7/14/2024,3,2157.36
S0183,C031,P015,4/13/2024,1,489.58
S0184,C032,P053,1/29/2024,4,2129.24
S0185,C055,P015,11/9/2024,2,979.16
S0186,C065,P054,2/4/2024,5,3482.05
S0187,C095,P024,4/3/2024,4,3030.48
S0188,C016,P036,2/20/2024,5,996
S0189,C020,P015,11/9/2024,2,979.16
S0190,C068,P008,7/19/2024,4,2902.56
S0191,C030,P020,10/10/2024,2,265.68
S0192,C060,P018,1/14/2024,3,808.08
S0193,C075,P017,4/30/2024,2,295.78
S0194,C012,P051,7/15/2024,5,3462.55
S0195,C012,P100,9/18/2024,1,864.86
S0196,C049,P083,1/29/2024,5,4371.9
S0197,C058,P033,12/22/2024,1,291.28
S0198,C062,P015,3/11/2024,4,1958.32
S0199,C055,P043,6/30/2024,5,2830.95
S0200,C040,P054,3/28/2024,3,2089.23
S0201,C062,P007,7/20/2024,5,4723.6
S0202,C073,P028,4/29/2024,5,3224.1
S0203,C064,P069,11/28/2024,3,2990.94
S0204,C087,P025,10/23/2024,5,1745.4
S0205,C058,P035,5/16/2024,3,1822.11
S0206,C064,P073,3/30/2024,3,2215.53
S0207,C025,P020,8/1/2024,1,132.84
S0208,C063,P092,4/25/2024,4,3710.04
S0209,C050,P073,7/4/2024,3,2215.53
S0210,C099,P083,10/29/2024,3,2623.14
S0211,C014,P076,3/17/2024,1,551.53
S0212,C070,P012,5/10/2024,4,2879.72
S0213,C007,P088,6/10/2024,2,1930.64
S0214,C040,P004,1/6/2024,4,1349.32
S0215,C046,P080,8/17/2024,2,1057.68
S0216,C077,P089,10/19/2024,3,1757.58
S0217,C067,P082,5/6/2024,2,486.08
S0218,C053,P067,10/6/2024,4,2482.68
S0219,C059,P009,5/4/2024,4,72
S0220,C016,P053,3/31/2024,2,1064.62
S0221,C058,P057,7/11/2024,4,2138.72
S0222,C034,P063,4/28/2024,3,398.73
S0223,C080,P032,8/30/2024,2,644.82
S0224,C035,P011,3/11/2024,4,2130.4
S0225,C016,P007,8/20/2024,2,1889.44
S0226,C048,P095,8/30/2024,2,781.36
S0227,C068,P047,8/15/2024,3,584.13
S0228,C013,P072,5/12/2024,3,653.76
S0229,C039,P080,10/8/2024,5,2644.2
S0230,C053,P007,12/22/2024,2,1889.44
S0231,C042,P093,1/24/2024,3,581.49
S0232,C078,P059,8/31/2024,5,2989.9
S0233,C043,P019,3/17/2024,4,3769.72
S0234,C083,P033,8/13/2024,2,582.56
S0235,C025,P002,12/4/2024,2,1552.64
S0236,C001,P027,11/12/2024,3,1624.08
S0237,C094,P073,5/9/2024,3,2215.53
S0238,C063,P063,12/19/2024,1,132.91
S0239,C054,P086,10/15/2024,3,2071.44
S0240,C082,P029,9/6/2024,4,1906.44
S0241,C006,P020,2/6/2024,1,132.84
S0242,C057,P028,11/3/2024,3,1934.46
S0243,C072,P086,1/13/2024,5,3452.4
S0244,C040,P078,9/16/2024,1,934.39
S0245,C046,P043,6/9/2024,2,1132.38
S0246,C042,P069,11/6/2024,2,1993.96
S0247,C008,P100,7/8/2024,3,2594.58
S0248,C086,P067,2/9/2024,2,1241.34
S0249,C085,P011,2/9/2024,5,2663
S0250,C076,P015,12/8/2024,1,489.58
S0251,C079,P069,6/21/2024,2,1993.96
S0252,C026,P012,10/8/2024,3,2159.79
S0253,C080,P091,5/12/2024,2,1947.68
S0254,C036,P076,11/15/2024,2,1103.06
S0255,C041,P082,7/1/2024,3,729.12
S0256,C064,P007,6/5/2024,5,4723.6
S0257,C043,P006,6/2/2024,4,957.04
S0258,C062,P053,5/2/2024,2,1064.62
S0259,C061,P082,7/15/2024,1,243.04
S0260,C085,P009,5/24/2024,1,18
S0261,C039,P038,9/23/2024,5,494.7
S0262,C064,P050,11/5/2024,2,1020.38
S0263,C055,P009,8/9/2024,1,18
S0264,C003,P041,2/14/2024,2,1838.12
S0265,C042,P045,10/17/2024,3,358.68
S0266,C074,P067,7/6/2024,3,1862.01
S0267,C010,P079,12/6/2024,2,26.9
S0268,C086,P064,2/9/2024,4,2855.76
S0269,C079,P053,5/22/2024,2,1064.62
S0270,C088,P014,8/19/2024,1,671.84
S0271,C077,P024,1/30/2024,2,1515.24
S0272,C076,P002,6/25/2024,2,1552.64
S0273,C018,P002,6/10/2024,1,776.32
S0274,C080,P066,12/12/2024,2,983.46
S0275,C089,P096,10/23/2024,1,279.79
S0276,C092,P028,4/22/2024,1,644.82
S0277,C044,P096,11/25/2024,4,1119.16
S0278,C028,P004,8/21/2024,5,1686.65
S0279,C034,P043,6/5/2024,2,1132.38
S0280,C070,P038,8/9/2024,5,494.7
S0281,C011,P012,1/7/2024,4,2879.72
S0282,C033,P039,5/25/2024,1,670.82
S0283,C092,P024,8/5/2024,2,1515.24
S0284,C099,P061,10/4/2024,1,612.2
S0285,C019,P092,9/29/2024,2,1855.02
S0286,C078,P012,3/4/2024,3,2159.79
S0287,C009,P034,7/5/2024,5,4402.45
S0288,C093,P096,9/23/2024,4,1119.16
S0289,C055,P077,3/10/2024,2,586.36
S0290,C005,P087,4/5/2024,2,1711.88
S0291,C032,P002,6/7/2024,2,1552.64
S0292,C038,P054,1/17/2024,3,2089.23
S0293,C087,P038,12/27/2024,1,98.94
S0294,C030,P071,6/1/2024,5,4769.75
S0295,C095,P021,2/16/2024,1,139.64
S0296,C022,P058,3/22/2024,3,477.66
S0297,C046,P012,5/1/2024,3,2159.79
S0298,C069,P033,4/20/2024,1,291.28
S0299,C047,P036,1/11/2024,3,597.6
S0300,C063,P028,10/20/2024,5,3224.1
S0301,C001,P035,5/27/2024,4,2429.48
S0302,C006,P080,6/1/2024,1,528.84
S0303,C008,P086,5/31/2024,4,2761.92
S0304,C006,P062,1/2/2024,5,4252.55
S0305,C068,P031,7/10/2024,5,3293.35
S0306,C083,P018,2/12/2024,2,538.72
S0307,C070,P052,3/7/2024,3,1447.65
S0308,C053,P024,7/25/2024,5,3788.1
S0309,C031,P073,10/5/2024,2,1477.02
S0310,C062,P049,6/27/2024,3,1124.61
S0311,C075,P025,5/23/2024,3,1047.24
S0312,C009,P068,8/24/2024,2,76.42
S0313,C056,P052,5/31/2024,2,965.1
S0314,C025,P100,9/10/2024,5,4324.3
S0315,C083,P073,7/1/2024,4,2954.04
S0316,C075,P002,2/1/2024,2,1552.64
S0317,C002,P070,12/14/2024,3,1216.92
S0318,C064,P016,6/19/2024,2,476.38
S0319,C058,P021,2/4/2024,5,698.2
S0320,C003,P004,9/24/2024,1,337.33
S0321,C062,P045,7/2/2024,5,597.8
S0322,C069,P008,5/21/2024,1,725.64
S0323,C025,P097,1/14/2024,2,1880.64
S0324,C071,P073,5/3/2024,3,2215.53
S0325,C054,P088,2/13/2024,4,3861.28
S0326,C020,P072,9/23/2024,5,1089.6
S0327,C044,P078,9/30/2024,3,2803.17
S0328,C053,P009,7/8/2024,2,36
S0329,C099,P026,6/20/2024,1,574.29
S0330,C017,P002,1/31/2024,5,3881.6
S0331,C062,P025,8/20/2024,5,1745.4
S0332,C036,P047,2/2/2024,4,778.84
S0333,C097,P016,12/14/2024,4,952.76
S0334,C032,P010,6/7/2024,1,401.8
S0335,C071,P089,12/27/2024,5,2929.3
S0336,C075,P070,4/26/2024,4,1622.56
S0337,C019,P050,3/26/2024,1,510.19
S0338,C029,P056,10/24/2024,1,602.94
S0339,C072,P076,7/9/2024,5,2757.65
S0340,C004,P027,5/25/2024,1,541.36
S0341,C035,P015,9/26/2024,2,979.16
S0342,C049,P035,2/6/2024,4,2429.48
S0343,C094,P082,11/2/2024,3,729.12
S0344,C066,P048,8/25/2024,1,997.86
S0345,C003,P086,2/22/2024,4,2761.92
S0346,C016,P069,6/16/2024,1,996.98
S0347,C070,P095,12/19/2024,3,1172.04
S0348,C093,P001,12/22/2024,5,4894.55
S0349,C090,P019,9/15/2024,3,2827.29
S0350,C063,P003,4/20/2024,5,352.6
S0351,C072,P064,5/18/2024,3,2141.82
S0352,C090,P031,1/3/2024,1,658.67
S0353,C035,P095,6/9/2024,2,781.36
S0354,C010,P097,2/4/2024,2,1880.64
S0355,C095,P049,8/30/2024,2,749.74
S0356,C077,P030,11/28/2024,5,610.85
S0357,C010,P040,8/18/2024,1,310.72
S0358,C035,P082,12/26/2024,2,486.08
S0359,C024,P044,3/28/2024,3,2073.78
S0360,C055,P038,4/17/2024,4,395.76
S0361,C048,P028,6/21/2024,2,1289.64
S0362,C071,P074,12/6/2024,4,3590.08
S0363,C051,P033,11/19/2024,5,1456.4
S0364,C062,P087,4/12/2024,5,4279.7
S0365,C026,P084,6/26/2024,2,613.78
S0366,C035,P066,12/19/2024,5,2458.65
S0367,C100,P076,9/29/2024,2,1103.06
S0368,C062,P056,5/30/2024,3,1808.82
S0369,C005,P086,2/6/2024,2,1380.96
S0370,C090,P059,5/16/2024,5,2989.9
S0371,C078,P024,8/12/2024,2,1515.24
S0372,C010,P092,10/29/2024,5,4637.55
S0373,C001,P002,4/10/2024,3,2328.96
S0374,C009,P095,5/18/2024,4,1562.72
S0375,C045,P083,5/19/2024,5,4371.9
S0376,C097,P013,4/28/2024,4,3827.84
S0377,C068,P050,9/21/2024,3,1530.57
S0378,C041,P095,9/20/2024,3,1172.04
S0379,C076,P048,1/17/2024,1,997.86
S0380,C012,P071,12/19/2024,5,4769.75
S0381,C082,P078,12/15/2024,3,2803.17
S0382,C021,P022,9/11/2024,3,2157.36
S0383,C070,P021,11/26/2024,1,139.64
S0384,C062,P036,3/3/2024,4,796.8
S0385,C028,P010,8/1/2024,3,1205.4
S0386,C017,P022,5/29/2024,1,719.12
S0387,C010,P081,12/4/2024,2,1037.12
S0388,C029,P086,10/26/2024,3,2071.44
S0389,C083,P035,11/6/2024,3,1822.11
S0390,C037,P092,1/27/2024,4,3710.04
S0391,C081,P053,12/12/2024,1,532.31
S0392,C085,P014,6/17/2024,1,671.84
S0393,C043,P092,1/28/2024,4,3710.04
S0394,C038,P033,7/16/2024,3,873.84
S0395,C077,P100,12/16/2024,3,2594.58
S0396,C049,P042,8/29/2024,3,770.91
S0397,C087,P087,6/20/2024,4,3423.76
S0398,C032,P005,1/17/2024,5,3259.8
S0399,C025,P002,11/4/2024,4,3105.28
S0400,C007,P007,11/11/2024,3,2834.16
S0401,C057,P032,9/27/2024,2,644.82
S0402,C091,P001,8/23/2024,1,978.91
S0403,C038,P018,3/30/2024,3,808.08
S0404,C023,P077,2/4/2024,1,293.18
S0405,C007,P039,2/7/2024,4,2683.28
S0406,C066,P071,12/20/2024,5,4769.75
S0407,C067,P067,1/23/2024,1,620.67
S0408,C004,P048,9/25/2024,3,2993.58
S0409,C026,P002,1/19/2024,5,3881.6
S0410,C098,P097,7/12/2024,1,940.32
S0411,C029,P001,2/9/2024,4,3915.64
S0412,C020,P016,7/14/2024,4,952.76
S0413,C084,P020,2/26/2024,5,664.2
S0414,C001,P029,3/15/2024,5,2383.05
S0415,C098,P017,7/9/2024,4,591.56
S0416,C076,P091,5/25/2024,1,973.84
S0417,C014,P068,8/27/2024,5,191.05
S0418,C077,P087,2/4/2024,3,2567.82
S0419,C095,P062,10/27/2024,1,850.51
S0420,C088,P094,9/19/2024,1,402.5
S0421,C058,P046,1/29/2024,5,1854.5
S0422,C074,P026,7/31/2024,2,1148.58
S0423,C033,P047,2/21/2024,2,389.42
S0424,C001,P075,9/10/2024,4,3953.2
S0425,C050,P056,7/12/2024,1,602.94
S0426,C043,P072,5/1/2024,3,653.76
S0427,C082,P051,1/2/2024,1,692.51
S0428,C062,P100,9/24/2024,5,4324.3
S0429,C009,P029,2/3/2024,4,1906.44
S0430,C031,P064,2/4/2024,3,2141.82
S0431,C065,P022,11/24/2024,3,2157.36
S0432,C096,P003,7/29/2024,5,352.6
S0433,C047,P100,1/21/2024,4,3459.44
S0434,C077,P042,11/3/2024,5,1284.85
S0435,C082,P013,12/15/2024,3,2870.88
S0436,C070,P055,4/21/2024,2,1860.46
S0437,C064,P052,4/7/2024,4,1930.2
S0438,C066,P038,9/22/2024,1,98.94
S0439,C048,P010,12/11/2024,2,803.6
S0440,C066,P040,2/16/2024,2,621.44
S0441,C009,P017,5/19/2024,4,591.56
S0442,C074,P070,6/28/2024,3,1216.92
S0443,C025,P052,1/19/2024,5,2412.75
S0444,C037,P078,12/28/2024,2,1868.78
S0445,C027,P032,1/18/2024,5,1612.05
S0446,C007,P063,11/15/2024,1,132.91
S0447,C059,P013,2/20/2024,5,4784.8
S0448,C088,P067,10/24/2024,3,1862.01
S0449,C053,P059,12/31/2024,1,597.98
S0450,C039,P092,11/18/2024,1,927.51
S0451,C049,P020,10/8/2024,5,664.2
S0452,C019,P038,9/16/2024,2,197.88
S0453,C029,P069,12/10/2024,3,2990.94
S0454,C006,P082,4/3/2024,1,243.04
S0455,C044,P090,2/19/2024,1,791.59
S0456,C008,P033,8/24/2024,3,873.84
S0457,C022,P010,8/6/2024,1,401.8
S0458,C032,P027,1/20/2024,5,2706.8
S0459,C059,P084,2/11/2024,3,920.67
S0460,C095,P002,1/31/2024,4,3105.28
S0461,C074,P035,9/8/2024,2,1214.74
S0462,C061,P081,12/24/2024,5,2592.8
S0463,C095,P078,8/29/2024,4,3737.56
S0464,C087,P082,7/25/2024,3,729.12
S0465,C031,P073,6/27/2024,3,2215.53
S0466,C097,P019,6/29/2024,2,1884.86
S0467,C087,P049,7/8/2024,2,749.74
S0468,C095,P083,4/26/2024,4,3497.52
S0469,C022,P053,1/21/2024,1,532.31
S0470,C088,P095,9/15/2024,2,781.36
S0471,C094,P082,1/31/2024,5,1215.2
S0472,C100,P053,1/10/2024,2,1064.62
S0473,C059,P082,1/9/2024,3,729.12
S0474,C017,P086,12/12/2024,4,2761.92
S0475,C012,P084,8/12/2024,1,306.89
S0476,C036,P072,10/23/2024,5,1089.6
S0477,C079,P023,5/30/2024,2,1827.44
S0478,C037,P057,7/5/2024,1,534.68
S0479,C100,P095,1/19/2024,3,1172.04
S0480,C087,P094,12/18/2024,4,1610
S0481,C022,P038,3/28/2024,4,395.76
S0482,C029,P067,6/19/2024,4,2482.68
S0483,C007,P096,6/15/2024,1,279.79
S0484,C033,P031,9/22/2024,2,1317.34
S0485,C057,P054,7/18/2024,2,1392.82
S0486,C033,P053,1/26/2024,1,532.31
S0487,C036,P059,2/13/2024,2,1195.96
S0488,C066,P043,11/12/2024,4,2264.76
S0489,C005,P022,1/19/2024,4,2876.48
S0490,C004,P020,4/20/2024,3,398.52
S0491,C037,P061,2/10/2024,1,612.2
S0492,C014,P039,7/6/2024,2,1341.64
S0493,C089,P048,4/8/2024,4,3991.44
S0494,C065,P084,1/6/2024,2,613.78
S0495,C064,P044,10/31/2024,4,2765.04
S0496,C017,P009,2/7/2024,1,18
S0497,C041,P081,12/31/2024,2,1037.12
S0498,C054,P025,12/30/2024,5,1745.4
S0499,C031,P045,8/24/2024,2,239.12
S0500,C076,P095,9/13/2024,2,781.36
S0501,C005,P077,1/26/2024,2,586.36
S0502,C047,P057,7/26/2024,3,1604.04
S0503,C069,P073,1/14/2024,2,1477.02
S0504,C038,P007,4/28/2024,1,944.72
S0505,C059,P046,5/6/2024,5,1854.5
S0506,C096,P067,6/16/2024,2,1241.34
S0507,C075,P038,10/25/2024,5,494.7
S0508,C081,P089,11/30/2024,2,1171.72
S0509,C007,P059,8/16/2024,3,1793.94
S0510,C084,P004,5/10/2024,5,1686.65
S0511,C067,P003,4/21/2024,5,352.6
S0512,C090,P055,8/4/2024,1,930.23
S0513,C084,P094,10/10/2024,5,2012.5
S0514,C086,P027,2/8/2024,1,541.36
S0515,C009,P060,7/9/2024,2,1429.06
S0516,C076,P076,11/9/2024,4,2206.12
S0517,C094,P031,6/16/2024,2,1317.34
S0518,C048,P057,8/28/2024,5,2673.4
S0519,C018,P058,1/8/2024,1,159.22
S0520,C078,P021,1/19/2024,4,558.56
S0521,C037,P073,11/21/2024,4,2954.04
S0522,C081,P082,12/3/2024,1,243.04
S0523,C068,P099,11/25/2024,5,1141.5
S0524,C100,P083,7/17/2024,3,2623.14
S0525,C005,P028,7/4/2024,4,2579.28
S0526,C037,P004,4/1/2024,4,1349.32
S0527,C095,P048,1/21/2024,1,997.86
S0528,C067,P016,4/20/2024,5,1190.95
S0529,C054,P020,5/16/2024,2,265.68
S0530,C039,P030,9/28/2024,2,244.34
S0531,C037,P066,9/9/2024,1,491.73
S0532,C093,P067,7/4/2024,4,2482.68
S0533,C064,P013,11/19/2024,1,956.96
S0534,C023,P047,3/17/2024,3,584.13
S0535,C042,P005,3/21/2024,5,3259.8
S0536,C082,P093,11/21/2024,1,193.83
S0537,C072,P077,12/5/2024,1,293.18
S0538,C065,P089,3/11/2024,2,1171.72
S0539,C089,P091,7/12/2024,5,4869.2
S0540,C015,P060,5/20/2024,3,2143.59
S0541,C057,P095,3/9/2024,5,1953.4
S0542,C004,P088,5/25/2024,5,4826.6
S0543,C018,P011,3/14/2024,1,532.6
S0544,C055,P071,3/6/2024,3,2861.85
S0545,C046,P039,12/22/2024,3,2012.46
S0546,C100,P059,5/2/2024,4,2391.92
S0547,C050,P015,12/13/2024,3,1468.74
S0548,C096,P083,11/10/2024,3,2623.14
S0549,C006,P099,3/17/2024,4,913.2
S0550,C072,P092,6/1/2024,2,1855.02
S0551,C026,P050,7/8/2024,5,2550.95
S0552,C064,P020,3/5/2024,2,265.68
S0553,C048,P039,6/30/2024,5,3354.1
S0554,C049,P088,7/29/2024,4,3861.28
S0555,C018,P002,3/27/2024,4,3105.28
S0556,C056,P012,6/4/2024,4,2879.72
S0557,C058,P045,7/4/2024,5,597.8
S0558,C013,P080,5/18/2024,5,2644.2
S0559,C024,P006,10/29/2024,5,1196.3
S0560,C077,P005,2/9/2024,3,1955.88
S0561,C075,P075,7/1/2024,2,1976.6
S0562,C016,P061,7/18/2024,5,3061
S0563,C069,P036,1/1/2024,1,199.2
S0564,C051,P011,6/20/2024,2,1065.2
S0565,C065,P082,10/17/2024,1,243.04
S0566,C002,P002,8/13/2024,4,3105.28
S0567,C094,P019,10/7/2024,5,4712.15
S0568,C029,P027,6/10/2024,4,2165.44
S0569,C062,P056,8/30/2024,2,1205.88
S0570,C059,P009,9/5/2024,2,36
S0571,C010,P052,11/2/2024,1,482.55
S0572,C024,P018,6/5/2024,1,269.36
S0573,C053,P083,12/1/2024,2,1748.76
S0574,C076,P047,7/26/2024,2,389.42
S0575,C074,P034,12/10/2024,3,2641.47
S0576,C012,P097,4/25/2024,1,940.32
S0577,C058,P094,3/20/2024,2,805
S0578,C047,P027,12/13/2024,5,2706.8
S0579,C090,P006,7/9/2024,1,239.26
S0580,C030,P021,5/17/2024,5,698.2
S0581,C001,P047,1/1/2024,2,389.42
S0582,C024,P069,7/3/2024,1,996.98
S0583,C043,P088,6/14/2024,2,1930.64
S0584,C082,P063,11/7/2024,5,664.55
S0585,C022,P028,1/28/2024,4,2579.28
S0586,C042,P090,7/23/2024,3,2374.77
S0587,C004,P100,2/3/2024,3,2594.58
S0588,C026,P026,6/19/2024,5,2871.45
S0589,C035,P072,12/24/2024,5,1089.6
S0590,C032,P074,10/18/2024,3,2692.56
S0591,C076,P062,1/13/2024,3,2551.53
S0592,C080,P048,8/13/2024,4,3991.44
S0593,C022,P040,1/21/2024,3,932.16
S0594,C057,P084,8/19/2024,2,613.78
S0595,C033,P082,3/7/2024,4,972.16
S0596,C058,P073,4/23/2024,5,3692.55
S0597,C024,P084,9/18/2024,4,1227.56
S0598,C024,P039,12/18/2024,2,1341.64
S0599,C039,P052,6/7/2024,1,482.55
S0600,C019,P054,7/11/2024,3,2089.23
S0601,C065,P097,1/1/2024,5,4701.6
S0602,C047,P093,6/26/2024,4,775.32
S0603,C081,P044,4/27/2024,3,2073.78
S0604,C069,P058,1/18/2024,4,636.88
S0605,C046,P069,10/30/2024,2,1993.96
S0606,C032,P035,12/1/2024,2,1214.74
S0607,C029,P034,8/18/2024,4,3521.96
S0608,C055,P082,11/8/2024,3,729.12
S0609,C085,P006,9/10/2024,4,957.04
S0610,C087,P090,1/8/2024,4,3166.36
S0611,C097,P031,5/14/2024,2,1317.34
S0612,C061,P021,10/17/2024,2,279.28
S0613,C096,P058,6/17/2024,3,477.66
S0614,C034,P083,8/30/2024,1,874.38
S0615,C059,P077,5/12/2024,2,586.36
S0616,C035,P013,3/17/2024,2,1913.92
S0617,C087,P098,4/4/2024,4,2692.12
S0618,C004,P067,5/2/2024,5,3103.35
S0619,C085,P008,9/13/2024,4,2902.56
S0620,C093,P074,10/17/2024,4,3590.08
S0621,C044,P078,4/12/2024,1,934.39
S0622,C072,P074,6/25/2024,3,2692.56
S0623,C033,P008,5/22/2024,2,1451.28
S0624,C047,P096,11/20/2024,4,1119.16
S0625,C081,P009,3/29/2024,1,18
S0626,C067,P089,8/14/2024,2,1171.72
S0627,C042,P019,1/6/2024,5,4712.15
S0628,C099,P055,5/22/2024,3,2790.69
S0629,C073,P072,2/21/2024,5,1089.6
S0630,C062,P097,10/23/2024,1,940.32
S0631,C051,P096,2/27/2024,5,1398.95
S0632,C042,P057,11/20/2024,5,2673.4
S0633,C099,P060,7/13/2024,4,2858.12
S0634,C094,P068,8/14/2024,5,191.05
S0635,C097,P065,2/23/2024,1,691.95
S0636,C099,P049,4/4/2024,5,1874.35
S0637,C068,P090,2/15/2024,2,1583.18
S0638,C008,P006,9/10/2024,5,1196.3
S0639,C036,P037,6/16/2024,2,1975.74
S0640,C030,P005,6/13/2024,4,2607.84
S0641,C029,P090,9/16/2024,5,3957.95
S0642,C070,P061,11/8/2024,1,612.2
S0643,C042,P017,2/17/2024,4,591.56
S0644,C090,P004,12/13/2024,2,674.66
S0645,C033,P091,1/10/2024,3,2921.52
S0646,C025,P048,3/13/2024,2,1995.72
S0647,C055,P020,10/5/2024,5,664.2
S0648,C005,P094,6/11/2024,5,2012.5
S0649,C009,P031,6/4/2024,5,3293.35
S0650,C056,P079,3/25/2024,5,67.25
S0651,C077,P087,1/23/2024,1,855.94
S0652,C095,P082,10/13/2024,1,243.04
S0653,C026,P082,5/24/2024,2,486.08
S0654,C092,P069,6/17/2024,1,996.98
S0655,C092,P029,6/12/2024,1,476.61
S0656,C007,P056,7/15/2024,3,1808.82
S0657,C036,P038,5/9/2024,3,296.82
S0658,C071,P100,12/21/2024,4,3459.44
S0659,C046,P037,4/25/2024,3,2963.61
S0660,C017,P063,12/23/2024,2,265.82
S0661,C051,P066,11/25/2024,5,2458.65
S0662,C045,P025,8/29/2024,4,1396.32
S0663,C014,P019,11/5/2024,1,942.43
S0664,C070,P055,12/4/2024,5,4651.15
S0665,C067,P010,6/30/2024,5,2009
S0666,C091,P048,9/27/2024,4,3991.44
S0667,C037,P048,12/23/2024,1,997.86
S0668,C047,P096,4/8/2024,4,1119.16
S0669,C019,P100,4/16/2024,4,3459.44
S0670,C039,P002,1/13/2024,4,3105.28
S0671,C052,P096,7/5/2024,3,839.37
S0672,C030,P086,11/30/2024,2,1380.96
S0673,C044,P060,2/14/2024,3,2143.59
S0674,C044,P041,9/17/2024,5,4595.3
S0675,C087,P007,4/6/2024,1,944.72
S0676,C061,P009,11/30/2024,1,18
S0677,C081,P025,1/14/2024,1,349.08
S0678,C037,P038,5/8/2024,4,395.76
S0679,C055,P029,3/6/2024,1,476.61
S0680,C001,P004,5/6/2024,2,674.66
S0681,C084,P006,3/19/2024,1,239.26
S0682,C065,P044,1/24/2024,3,2073.78
S0683,C002,P049,5/23/2024,1,374.87
S0684,C020,P060,11/2/2024,1,714.53
S0685,C012,P076,3/25/2024,2,1103.06
S0686,C009,P024,6/15/2024,2,1515.24
S0687,C043,P026,9/10/2024,3,1722.87
S0688,C039,P072,3/5/2024,5,1089.6
S0689,C025,P072,8/11/2024,1,217.92
S0690,C012,P060,2/13/2024,2,1429.06
S0691,C056,P074,4/11/2024,2,1795.04
S0692,C005,P065,12/30/2024,4,2767.8
S0693,C017,P013,1/6/2024,4,3827.84
S0694,C017,P009,10/18/2024,4,72
S0695,C047,P036,6/6/2024,4,796.8
S0696,C020,P020,12/27/2024,3,398.52
S0697,C022,P072,2/26/2024,1,217.92
S0698,C035,P087,11/28/2024,4,3423.76
S0699,C077,P031,7/23/2024,1,658.67
S0700,C033,P093,4/18/2024,1,193.83
S0701,C037,P097,5/29/2024,1,940.32
S0702,C089,P062,8/17/2024,3,2551.53
S0703,C067,P001,10/29/2024,5,4894.55
S0704,C011,P084,4/24/2024,3,920.67
S0705,C076,P009,12/18/2024,2,36
S0706,C015,P031,2/12/2024,4,2634.68
S0707,C062,P072,4/23/2024,4,871.68
S0708,C017,P033,4/9/2024,3,873.84
S0709,C080,P094,7/13/2024,3,1207.5
S0710,C050,P014,8/9/2024,1,671.84
S0711,C005,P048,12/10/2024,5,4989.3
S0712,C092,P058,10/26/2024,3,477.66
S0713,C024,P079,12/28/2024,3,40.35
S0714,C073,P097,4/1/2024,3,2820.96
S0715,C074,P087,9/26/2024,5,4279.7
S0716,C097,P013,12/5/2024,4,3827.84
S0717,C029,P045,7/14/2024,4,478.24
S0718,C038,P010,8/14/2024,4,1607.2
S0719,C089,P009,1/18/2024,2,36
S0720,C055,P038,3/17/2024,3,296.82
S0721,C001,P069,5/1/2024,4,3987.92
S0722,C044,P070,4/14/2024,3,1216.92
S0723,C064,P008,6/30/2024,5,3628.2
S0724,C008,P097,5/31/2024,2,1880.64
S0725,C081,P093,1/6/2024,2,387.66
S0726,C096,P041,5/16/2024,5,4595.3
S0727,C040,P092,9/4/2024,3,2782.53
S0728,C083,P035,11/10/2024,1,607.37
S0729,C094,P018,5/24/2024,1,269.36
S0730,C055,P051,5/7/2024,3,2077.53
S0731,C032,P030,8/7/2024,3,366.51
S0732,C017,P013,1/9/2024,2,1913.92
S0733,C007,P091,10/3/2024,5,4869.2
S0734,C073,P006,9/23/2024,4,957.04
S0735,C081,P067,10/31/2024,5,3103.35
S0736,C042,P042,5/1/2024,4,1027.88
S0737,C011,P096,11/11/2024,2,559.58
S0738,C051,P073,7/6/2024,1,738.51
S0739,C051,P041,10/29/2024,4,3676.24
S0740,C049,P064,9/15/2024,3,2141.82
S0741,C047,P041,3/24/2024,2,1838.12
S0742,C021,P066,5/22/2024,3,1475.19
S0743,C004,P078,4/11/2024,1,934.39
S0744,C012,P002,7/30/2024,4,3105.28
S0745,C077,P065,6/26/2024,5,3459.75
S0746,C070,P081,3/7/2024,3,1555.68
S0747,C029,P022,11/30/2024,4,2876.48
S0748,C090,P042,1/7/2024,1,256.97
S0749,C090,P063,8/9/2024,1,132.91
S0750,C028,P058,10/12/2024,4,636.88
S0751,C084,P089,5/27/2024,2,1171.72
S0752,C050,P013,3/11/2024,4,3827.84
S0753,C065,P083,11/24/2024,5,4371.9
S0754,C084,P084,9/14/2024,1,306.89
S0755,C044,P049,5/18/2024,1,374.87
S0756,C027,P013,5/17/2024,5,4784.8
S0757,C037,P022,3/2/2024,2,1438.24
S0758,C091,P058,4/18/2024,1,159.22
S0759,C045,P069,3/9/2024,5,4984.9
S0760,C062,P056,1/26/2024,1,602.94
S0761,C048,P073,9/17/2024,5,3692.55
S0762,C063,P039,11/22/2024,2,1341.64
S0763,C039,P068,6/3/2024,4,152.84
S0764,C034,P028,11/27/2024,5,3224.1
S0765,C049,P009,11/28/2024,2,36
S0766,C003,P025,4/25/2024,5,1745.4
S0767,C035,P020,7/26/2024,2,265.68
S0768,C025,P084,7/20/2024,5,1534.45
S0769,C090,P024,12/5/2024,5,3788.1
S0770,C050,P091,9/6/2024,2,1947.68
S0771,C046,P045,2/27/2024,2,239.12
S0772,C031,P059,7/4/2024,3,1793.94
S0773,C079,P025,6/12/2024,3,1047.24
S0774,C064,P008,3/21/2024,4,2902.56
S0775,C096,P063,6/28/2024,3,398.73
S0776,C066,P028,9/23/2024,5,3224.1
S0777,C096,P080,8/25/2024,2,1057.68
S0778,C079,P085,11/19/2024,5,873.2
S0779,C006,P057,7/23/2024,4,2138.72
S0780,C067,P001,4/24/2024,5,4894.55
S0781,C051,P084,7/18/2024,3,920.67
S0782,C025,P080,2/15/2024,2,1057.68
S0783,C055,P094,9/23/2024,5,2012.5
S0784,C094,P063,8/24/2024,1,132.91
S0785,C040,P100,12/4/2024,4,3459.44
S0786,C067,P046,9/1/2024,5,1854.5
S0787,C059,P089,2/17/2024,5,2929.3
S0788,C034,P072,1/23/2024,1,217.92
S0789,C034,P061,8/15/2024,1,612.2
S0790,C095,P049,4/10/2024,5,1874.35
S0791,C077,P066,2/17/2024,4,1966.92
S0792,C079,P084,12/31/2024,5,1534.45
S0793,C010,P025,5/12/2024,2,698.16
S0794,C051,P007,3/28/2024,5,4723.6
S0795,C034,P066,7/12/2024,5,2458.65
S0796,C043,P063,3/28/2024,4,531.64
S0797,C060,P065,1/15/2024,4,2767.8
S0798,C001,P023,6/13/2024,1,913.72
S0799,C059,P094,6/24/2024,3,1207.5
S0800,C096,P030,6/26/2024,2,244.34
S0801,C067,P063,8/24/2024,5,664.55
S0802,C010,P094,2/12/2024,3,1207.5
S0803,C094,P061,3/24/2024,4,2448.8
S0804,C024,P021,5/7/2024,3,418.92
S0805,C083,P049,6/19/2024,4,1499.48
S0806,C019,P026,7/12/2024,4,2297.16
S0807,C053,P098,1/5/2024,3,2019.09
S0808,C100,P045,4/18/2024,4,478.24
S0809,C056,P053,9/28/2024,1,532.31
S0810,C085,P033,1/23/2024,3,873.84
S0811,C037,P088,2/6/2024,2,1930.64
S0812,C066,P050,6/19/2024,2,1020.38
S0813,C027,P021,6/30/2024,1,139.64
S0814,C064,P063,4/8/2024,2,265.82
S0815,C072,P060,1/18/2024,2,1429.06
S0816,C054,P027,8/25/2024,4,2165.44
S0817,C027,P065,10/25/2024,5,3459.75
S0818,C016,P069,6/27/2024,3,2990.94
S0819,C059,P076,10/9/2024,5,2757.65
S0820,C100,P021,12/9/2024,2,279.28
S0821,C083,P099,6/18/2024,3,684.9
S0822,C025,P086,4/28/2024,1,690.48
S0823,C054,P027,5/7/2024,2,1082.72
S0824,C020,P032,8/22/2024,1,322.41
S0825,C071,P033,7/22/2024,3,873.84
S0826,C094,P084,1/8/2024,5,1534.45
S0827,C090,P006,11/25/2024,1,239.26
S0828,C004,P092,4/5/2024,5,4637.55
S0829,C043,P025,1/24/2024,4,1396.32
S0830,C033,P070,4/5/2024,5,2028.2
S0831,C003,P026,12/12/2024,2,1148.58
S0832,C006,P084,12/21/2024,1,306.89
S0833,C037,P021,1/19/2024,4,558.56
S0834,C012,P056,10/17/2024,1,602.94
S0835,C041,P015,6/9/2024,2,979.16
S0836,C060,P050,2/12/2024,3,1530.57
S0837,C073,P054,12/7/2024,2,1392.82
S0838,C049,P012,3/29/2024,2,1439.86
S0839,C084,P059,4/29/2024,4,2391.92
S0840,C005,P094,12/5/2024,1,402.5
S0841,C075,P078,1/13/2024,4,3737.56
S0842,C029,P088,8/13/2024,5,4826.6
S0843,C060,P022,3/15/2024,1,719.12
S0844,C001,P013,8/30/2024,1,956.96
S0845,C017,P096,7/3/2024,2,559.58
S0846,C031,P098,10/25/2024,2,1346.06
S0847,C053,P057,10/26/2024,5,2673.4
S0848,C066,P012,6/19/2024,1,719.93
S0849,C061,P070,5/24/2024,2,811.28
S0850,C048,P051,3/27/2024,2,1385.02
S0851,C006,P089,7/17/2024,2,1171.72
S0852,C016,P097,2/28/2024,2,1880.64
S0853,C097,P045,8/16/2024,5,597.8
S0854,C084,P085,9/11/2024,1,174.64
S0855,C035,P049,2/24/2024,2,749.74
S0856,C052,P020,12/9/2024,1,132.84
S0857,C044,P088,5/17/2024,3,2895.96
S0858,C025,P011,5/19/2024,2,1065.2
S0859,C064,P045,3/28/2024,3,358.68
S0860,C093,P069,12/24/2024,4,3987.92
S0861,C083,P072,1/19/2024,4,871.68
S0862,C016,P017,9/11/2024,2,295.78
S0863,C040,P086,11/8/2024,4,2761.92
S0864,C015,P053,11/30/2024,3,1596.93
S0865,C036,P003,9/15/2024,4,282.08
S0866,C081,P010,9/22/2024,3,1205.4
S0867,C037,P099,4/9/2024,5,1141.5
S0868,C041,P047,2/17/2024,4,778.84
S0869,C063,P015,2/18/2024,3,1468.74
S0870,C058,P035,9/18/2024,3,1822.11
S0871,C088,P069,4/4/2024,1,996.98
S0872,C055,P045,1/11/2024,1,119.56
S0873,C074,P040,5/12/2024,3,932.16
S0874,C016,P053,3/9/2024,2,1064.62
S0875,C091,P025,1/8/2024,5,1745.4
S0876,C091,P018,3/23/2024,4,1077.44
S0877,C002,P013,5/12/2024,1,956.96
S0878,C027,P016,12/13/2024,3,714.57
S0879,C065,P039,8/10/2024,4,2683.28
S0880,C035,P084,5/12/2024,4,1227.56
S0881,C077,P047,11/6/2024,2,389.42
S0882,C081,P020,9/19/2024,5,664.2
S0883,C089,P021,7/6/2024,1,139.64
S0884,C028,P008,4/18/2024,1,725.64
S0885,C020,P052,11/19/2024,5,2412.75
S0886,C070,P100,5/12/2024,2,1729.72
S0887,C016,P079,9/29/2024,3,40.35
S0888,C063,P045,4/26/2024,4,478.24
S0889,C054,P025,3/18/2024,4,1396.32
S0890,C023,P018,9/19/2024,1,269.36
S0891,C100,P091,4/20/2024,4,3895.36
S0892,C017,P059,5/28/2024,2,1195.96
S0893,C089,P100,2/4/2024,2,1729.72
S0894,C035,P008,1/30/2024,2,1451.28
S0895,C005,P025,12/7/2024,1,349.08
S0896,C053,P076,4/18/2024,3,1654.59
S0897,C027,P063,5/23/2024,4,531.64
S0898,C001,P032,7/4/2024,2,644.82
S0899,C055,P066,4/12/2024,4,1966.92
S0900,C082,P084,12/2/2024,3,920.67
S0901,C069,P038,9/15/2024,4,395.76
S0902,C038,P061,8/21/2024,3,1836.6
S0903,C057,P084,12/7/2024,5,1534.45
S0904,C005,P019,12/12/2024,4,3769.72
S0905,C002,P014,4/5/2024,3,2015.52
S0906,C076,P036,1/12/2024,2,398.4
S0907,C003,P003,12/2/2024,1,70.52
S0908,C040,P030,4/15/2024,2,244.34
S0909,C053,P057,11/1/2024,3,1604.04
S0910,C028,P067,1/10/2024,4,2482.68
S0911,C047,P067,5/26/2024,3,1862.01
S0912,C088,P054,11/22/2024,1,696.41
S0913,C056,P076,1/30/2024,2,1103.06
S0914,C085,P100,5/8/2024,1,864.86
S0915,C036,P015,4/3/2024,1,489.58
S0916,C081,P077,1/27/2024,1,293.18
S0917,C041,P052,7/16/2024,2,965.1
S0918,C078,P065,8/23/2024,4,2767.8
S0919,C021,P062,9/24/2024,3,2551.53
S0920,C038,P030,5/3/2024,5,610.85
S0921,C093,P090,1/18/2024,1,791.59
S0922,C015,P067,1/14/2024,2,1241.34
S0923,C027,P019,11/13/2024,5,4712.15
S0924,C018,P097,6/29/2024,5,4701.6
S0925,C057,P086,7/14/2024,1,690.48
S0926,C089,P052,8/14/2024,5,2412.75
S0927,C049,P087,9/7/2024,1,855.94
S0928,C001,P022,2/19/2024,5,3595.6
S0929,C022,P029,7/26/2024,5,2383.05
S0930,C072,P008,11/16/2024,3,2176.92
S0931,C086,P028,1/7/2024,3,1934.46
S0932,C051,P067,12/20/2024,2,1241.34
S0933,C035,P078,3/4/2024,3,2803.17
S0934,C015,P088,7/19/2024,5,4826.6
S0935,C029,P029,7/9/2024,4,1906.44
S0936,C094,P060,1/14/2024,5,3572.65
S0937,C052,P048,10/24/2024,5,4989.3
S0938,C062,P032,9/13/2024,3,967.23
S0939,C074,P073,7/15/2024,4,2954.04
S0940,C054,P037,6/9/2024,4,3951.48
S0941,C022,P021,12/28/2024,3,418.92
S0942,C038,P054,10/14/2024,4,2785.64
S0943,C038,P040,7/26/2024,2,621.44
S0944,C082,P095,8/8/2024,1,390.68
S0945,C027,P026,2/23/2024,5,2871.45
S0946,C071,P007,2/1/2024,1,944.72
S0947,C082,P040,1/28/2024,4,1242.88
S0948,C058,P079,10/5/2024,5,67.25
S0949,C022,P060,4/21/2024,2,1429.06
S0950,C045,P025,8/3/2024,5,1745.4
S0951,C041,P012,7/13/2024,1,719.93
S0952,C011,P009,6/28/2024,3,54
S0953,C067,P053,7/9/2024,5,2661.55
S0954,C077,P080,9/28/2024,5,2644.2
S0955,C076,P097,9/1/2024,1,940.32
S0956,C087,P075,8/23/2024,1,988.3
S0957,C040,P010,5/24/2024,1,401.8
S0958,C024,P078,3/8/2024,4,3737.56
S0959,C023,P052,4/21/2024,2,965.1
S0960,C070,P028,2/5/2024,1,644.82
S0961,C056,P069,4/4/2024,5,4984.9
S0962,C017,P080,11/24/2024,1,528.84
S0963,C077,P038,3/14/2024,2,197.88
S0964,C095,P085,6/11/2024,1,174.64
S0965,C057,P015,4/5/2024,1,489.58
S0966,C077,P029,2/10/2024,3,1429.83
S0967,C002,P046,9/15/2024,2,741.8
S0968,C039,P083,6/2/2024,3,2623.14
S0969,C069,P081,11/25/2024,4,2074.24
S0970,C098,P073,10/1/2024,5,3692.55
S0971,C031,P020,11/5/2024,1,132.84
S0972,C091,P019,12/2/2024,1,942.43
S0973,C074,P009,4/16/2024,2,36
S0974,C070,P034,2/19/2024,4,3521.96
S0975,C012,P058,1/27/2024,2,318.44
S0976,C009,P037,3/23/2024,3,2963.61
S0977,C089,P029,12/4/2024,5,2383.05
S0978,C081,P023,6/27/2024,5,4568.6
S0979,C045,P004,11/8/2024,4,1349.32
S0980,C052,P025,3/19/2024,2,698.16
S0981,C049,P043,3/25/2024,3,1698.57
S0982,C044,P033,7/14/2024,1,291.28
S0983,C095,P041,10/19/2024,2,1838.12
S0984,C004,P045,2/18/2024,5,597.8
S0985,C054,P079,1/25/2024,3,40.35
S0986,C036,P023,12/15/2024,2,1827.44
S0987,C008,P024,12/3/2024,1,757.62
S0988,C055,P075,3/4/2024,3,2964.9
S0989,C002,P016,12/24/2024,1,238.19
S0990,C094,P004,8/21/2024,2,674.66
S0991,C021,P047,1/23/2024,1,194.71
S0992,C002,P071,9/9/2024,4,3815.8
S0993,C039,P037,11/17/2024,2,1975.74
S0994,C067,P092,2/9/2024,3,2782.53
S0995,C042,P073,8/29/2024,4,2954.04
S0996,C059,P025,7/14/2024,5,1745.4
S0997,C070,P015,9/21/2024,2,979.16
S0998,C048,P054,3/31/2024,1,696.41
S0999,C086,P059,6/12/2024,5,2989.9
S1000,C018,P021,7/30/2024,3,418.92
S1001,C066,P038,3/21/2024,3,296.82
S1002,C021,P048,10/14/2024,5,4989.3
S1003,C088,P084,5/3/2024,5,1534.45
S1004,C012,P062,5/1/2024,4,3402.04
S1005,C076,P066,6/4/2024,2,983.46
S1006,C006,P089,2/14/2024,4,2343.44
S1007,C064,P006,9/6/2024,5,1196.3
S1008,C007,P005,4/9/2024,2,1303.92
S1009,C084,P055,2/7/2024,5,4651.15
S1010,C022,P083,5/26/2024,5,4371.9
S1011,C093,P028,6/12/2024,4,2579.28
S1012,C094,P050,7/3/2024,4,2040.76
S1013,C053,P087,1/16/2024,2,1711.88
S1014,C088,P042,6/9/2024,3,770.91
S1015,C042,P006,4/11/2024,2,478.52
S1016,C090,P037,9/13/2024,3,2963.61
S1017,C075,P027,6/14/2024,3,1624.08
S1018,C045,P088,5/17/2024,4,3861.28
S1019,C086,P025,8/31/2024,1,349.08
S1020,C032,P098,12/7/2024,1,673.03
S1021,C052,P077,10/13/2024,5,1465.9
S1022,C008,P068,6/23/2024,3,114.63
S1023,C056,P001,9/30/2024,3,2936.73
S1024,C096,P043,7/14/2024,3,1698.57
S1025,C045,P088,7/7/2024,5,4826.6
S1026,C090,P071,5/18/2024,5,4769.75
S1027,C070,P087,12/3/2024,5,4279.7
S1028,C061,P087,1/28/2024,2,1711.88
S1029,C011,P020,12/20/2024,5,664.2
S1030,C012,P020,9/17/2024,5,664.2
S1031,C002,P046,9/24/2024,4,1483.6
S1032,C091,P056,7/5/2024,5,3014.7
S1033,C013,P045,9/21/2024,2,239.12
S1034,C096,P090,1/28/2024,3,2374.77
S1035,C070,P046,8/26/2024,5,1854.5
S1036,C096,P068,5/11/2024,5,191.05
S1037,C049,P061,6/17/2024,5,3061
S1038,C055,P072,1/4/2024,2,435.84
S1039,C008,P005,9/13/2024,1,651.96
S1040,C068,P025,8/7/2024,3,1047.24
S1041,C020,P017,12/24/2024,5,739.45
S1042,C075,P016,7/25/2024,4,952.76
S1043,C080,P069,2/12/2024,2,1993.96
S1044,C039,P017,5/13/2024,2,295.78
S1045,C028,P075,12/7/2024,2,1976.6
S1046,C072,P041,3/9/2024,1,919.06
S1047,C017,P001,9/9/2024,3,2936.73
S1048,C072,P084,2/6/2024,2,613.78
S1049,C024,P014,4/26/2024,3,2015.52
S1050,C035,P023,3/9/2024,2,1827.44
S1051,C070,P007,4/29/2024,1,944.72
S1052,C088,P093,9/12/2024,2,387.66
S1053,C010,P083,3/10/2024,5,4371.9
S1054,C064,P070,1/11/2024,5,2028.2
S1055,C003,P016,3/29/2024,2,476.38
S1056,C022,P017,5/6/2024,2,295.78
S1057,C055,P047,3/15/2024,2,389.42
S1058,C040,P085,2/25/2024,5,873.2
S1059,C098,P070,7/28/2024,2,811.28
S1060,C073,P033,12/3/2024,3,873.84
S1061,C057,P080,10/8/2024,5,2644.2
S1062,C006,P047,12/5/2024,3,584.13
S1063,C040,P092,11/5/2024,3,2782.53
S1064,C036,P089,6/29/2024,1,585.86
S1065,C063,P072,12/10/2024,3,653.76
S1066,C023,P016,7/6/2024,5,1190.95
S1067,C070,P031,6/9/2024,4,2634.68
S1068,C087,P087,8/14/2024,3,2567.82
S1069,C034,P068,12/13/2024,4,152.84
S1070,C061,P015,9/23/2024,3,1468.74
S1071,C041,P015,10/14/2024,4,1958.32
S1072,C020,P050,3/25/2024,1,510.19
S1073,C013,P043,5/26/2024,5,2830.95
S1074,C028,P014,7/1/2024,5,3359.2
S1075,C051,P051,1/7/2024,5,3462.55
S1076,C060,P048,9/5/2024,4,3991.44
S1077,C034,P028,2/20/2024,3,1934.46
S1078,C022,P047,4/25/2024,2,389.42
S1079,C012,P049,10/11/2024,2,749.74
S1080,C045,P092,9/27/2024,4,3710.04
S1081,C012,P027,5/20/2024,2,1082.72
S1082,C089,P084,10/21/2024,4,1227.56
S1083,C095,P039,4/27/2024,5,3354.1
S1084,C095,P033,10/30/2024,2,582.56
S1085,C027,P084,2/13/2024,2,613.78
S1086,C049,P014,10/10/2024,5,3359.2
S1087,C001,P090,9/8/2024,3,2374.77
S1088,C027,P017,2/12/2024,3,443.67
S1089,C030,P012,6/25/2024,4,2879.72
S1090,C087,P039,8/29/2024,3,2012.46
S1091,C100,P095,3/30/2024,4,1562.72
S1092,C091,P024,10/18/2024,4,3030.48
S1093,C018,P100,8/27/2024,3,2594.58
S1094,C032,P053,8/21/2024,5,2661.55
S1095,C033,P058,10/23/2024,5,796.1
S1096,C076,P074,9/11/2024,3,2692.56
S1097,C043,P081,8/31/2024,4,2074.24
S1098,C028,P089,10/7/2024,2,1171.72
S1099,C037,P079,2/27/2024,3,40.35
S1100,C008,P060,2/9/2024,2,1429.06
S1101,C017,P055,5/14/2024,1,930.23
S1102,C021,P099,11/9/2024,1,228.3
S1103,C073,P096,1/18/2024,3,839.37
S1104,C036,P056,11/30/2024,4,2411.76
S1105,C013,P036,6/1/2024,5,996
S1106,C041,P067,6/4/2024,4,2482.68
S1107,C032,P064,2/8/2024,5,3569.7
S1108,C083,P082,6/21/2024,1,243.04
S1109,C071,P089,3/7/2024,3,1757.58
S1110,C032,P057,2/24/2024,4,2138.72
S1111,C029,P082,3/7/2024,1,243.04
S1112,C056,P006,2/27/2024,5,1196.3
S1113,C100,P019,10/13/2024,1,942.43
S1114,C038,P100,1/5/2024,3,2594.58
S1115,C038,P017,12/10/2024,2,295.78
S1116,C038,P075,6/11/2024,4,3953.2
S1117,C094,P091,4/23/2024,3,2921.52
S1118,C058,P038,2/25/2024,4,395.76
S1119,C069,P037,4/8/2024,3,2963.61
S1120,C008,P099,2/15/2024,3,684.9
S1121,C012,P053,12/15/2024,1,532.31
S1122,C040,P070,3/6/2024,5,2028.2
S1123,C038,P035,10/19/2024,1,607.37
S1124,C099,P043,8/25/2024,1,566.19
S1125,C043,P079,12/12/2024,2,26.9
S1126,C067,P004,3/24/2024,2,674.66
S1127,C009,P014,4/30/2024,3,2015.52
S1128,C033,P027,1/29/2024,2,1082.72
S1129,C057,P005,5/3/2024,1,651.96
S1130,C016,P069,10/3/2024,4,3987.92
S1131,C056,P096,10/22/2024,4,1119.16
S1132,C076,P061,9/12/2024,3,1836.6
S1133,C050,P049,7/18/2024,4,1499.48
S1134,C015,P039,10/16/2024,3,2012.46
S1135,C023,P025,3/9/2024,3,1047.24
S1136,C100,P078,1/17/2024,5,4671.95
S1137,C009,P083,10/2/2024,3,2623.14
S1138,C054,P057,2/15/2024,2,1069.36
S1139,C075,P041,4/5/2024,3,2757.18
S1140,C096,P032,11/14/2024,2,644.82
S1141,C013,P003,5/3/2024,2,141.04
S1142,C058,P046,10/7/2024,5,1854.5
S1143,C002,P049,7/3/2024,4,1499.48
S1144,C022,P031,2/3/2024,3,1976.01
S1145,C065,P029,7/6/2024,4,1906.44
S1146,C076,P048,12/15/2024,4,3991.44
S1147,C048,P048,7/3/2024,1,997.86
S1148,C068,P008,11/1/2024,2,1451.28
S1149,C066,P031,10/15/2024,5,3293.35
S1150,C026,P048,1/12/2024,3,2993.58
S1151,C063,P071,4/27/2024,5,4769.75
S1152,C060,P070,10/26/2024,2,811.28
S1153,C021,P020,4/11/2024,2,265.68
S1154,C054,P046,10/2/2024,1,370.9
S1155,C040,P029,5/3/2024,2,953.22
S1156,C032,P004,12/22/2024,1,337.33
S1157,C050,P040,5/20/2024,2,621.44
S1158,C044,P096,11/20/2024,5,1398.95
S1159,C070,P019,3/16/2024,2,1884.86
S1160,C037,P093,1/27/2024,2,387.66
S1161,C100,P097,1/13/2024,2,1880.64
S1162,C013,P025,10/11/2024,4,1396.32
S1163,C012,P061,12/7/2024,3,1836.6
S1164,C054,P024,8/21/2024,1,757.62
S1165,C094,P078,6/11/2024,1,934.39
S1166,C048,P098,3/13/2024,1,673.03
S1167,C038,P090,10/26/2024,5,3957.95
S1168,C081,P062,12/30/2024,2,1701.02
S1169,C048,P072,6/7/2024,3,653.76
S1170,C100,P024,8/12/2024,1,757.62
S1171,C071,P051,12/3/2024,3,2077.53
S1172,C001,P045,6/22/2024,5,597.8
S1173,C086,P082,10/7/2024,4,972.16
S1174,C023,P013,8/11/2024,5,4784.8
S1175,C048,P029,6/11/2024,4,1906.44
S1176,C020,P037,7/20/2024,4,3951.48
S1177,C044,P098,8/4/2024,5,3365.15
S1178,C061,P081,3/1/2024,3,1555.68
S1179,C044,P036,10/23/2024,5,996
S1180,C053,P030,1/15/2024,1,122.17
S1181,C090,P054,2/23/2024,1,696.41
S1182,C024,P033,3/14/2024,2,582.56
S1183,C098,P097,7/14/2024,4,3761.28
S1184,C012,P043,5/29/2024,3,1698.57
S1185,C023,P075,1/29/2024,5,4941.5
S1186,C057,P085,2/16/2024,2,349.28
S1187,C075,P001,3/23/2024,4,3915.64
S1188,C061,P023,12/9/2024,3,2741.16
S1189,C051,P081,1/7/2024,5,2592.8
S1190,C069,P028,3/12/2024,1,644.82
S1191,C065,P059,5/16/2024,1,597.98
S1192,C094,P043,5/28/2024,4,2264.76
S1193,C089,P092,9/10/2024,4,3710.04
S1194,C010,P004,3/24/2024,3,1011.99
S1195,C065,P005,7/14/2024,3,1955.88
S1196,C063,P049,2/24/2024,2,749.74
S1197,C002,P062,9/14/2024,5,4252.55
S1198,C051,P024,9/22/2024,1,757.62
S1199,C002,P079,12/25/2024,5,67.25
S1200,C080,P098,3/9/2024,1,673.03
